OptName;LfdNr;Name;Typ;Startzeit;Endzeit;Dauer;Fval_Opt;Masse_fval;Masse_phys;Energie_fval;Energie_phys;Antriebskraft_fval;Antriebskraft_phys;Kondition_fval;Kondition_phys;Nachgiebigk_fval;Nachgiebigk_phys;Steifigk_phys;Materialspannung;num_succ;num_fail;comptime_sum;MaxTiltAngle
IFToMMDACH_Vgl_Winkel30_20200206_nachts_Wdh1;1;P6RRRRRR10V3G1P1A1;2;06.02.2020 19:50:26;06.02.2020 21:07:21;4615.982297;478.827881947282;66.6282660079907;10.5043249693891;470.506802336772;91.1386261734132;364.002729947667;64.347444859946;130.177900535716;63.2838285771358;98.4401499908364;0.000408047161607141;2450.69711074912;0.514746676614983;71;3029;4586.83468000001;0.68220794126388
IFToMMDACH_Vgl_Winkel30_20200206_nachts_Wdh1;2;P6RRRRRR10G1P1A1;2;06.02.2020 19:50:26;06.02.2020 21:22:45;5539.017896;569.13476613937;101.0474241918;16.0071444673073;570.384210238321;124.974900242491;543.77494589564;114.792801990001;84.7456132522671;14.5588680947494;99.679595875701;0.00198691074451342;503.293871031379;0.586319729808421;18;3082;5512.84922500001;0.68220794126388
IFToMMDACH_Vgl_Winkel30_20200206_nachts_Wdh1;3;P6PRRRRR6V2G8P3A1;2;06.02.2020 19:50:26;06.02.2020 21:34:49;6263.120566;480.740817225946;54.6024146324941;8.59802098331661;479.936884690398;93.8875955286966;679.829547034353;181.784015805234;147.972174305889;113.777927185868;98.8545905994255;0.000555741096903594;1799.39904673538;0.857625296933408;312;2788;6234.435657;0.68220794126388
IFToMMDACH_Vgl_Winkel30_20200206_nachts_Wdh1;4;P6PRRRRR6G8P3A1;2;06.02.2020 19:50:26;06.02.2020 21:15:54;5128.956043;562.102262177761;62.5602776788301;9.85870066925712;561.849608955508;121.596818022774;667.51902994238;173.741881572631;128.11858742429;59.1571369627785;96.7877618010535;0.000198017509039007;5050.05847640984;0.662212904844491;51;3049;5101.57933600001;0.68220794126388
IFToMMDACH_Vgl_Winkel30_20200206_nachts_Wdh2;1;P6RRRRRR10V3G1P1A1;2;07.02.2020 05:21:56;07.02.2020 06:52:40;5444.087099;469.627114138064;75.7279405773955;11.9517421516889;473.078525185743;91.8808718334233;573.560868195393;126.261277244214;119.517405531859;44.678547056845;99.1981744079598;0.00079392091608751;1259.57129952951;0.973807937013438;117;2983;5415.86102100001;0.68220794126388
IFToMMDACH_Vgl_Winkel30_20200206_nachts_Wdh2;2;P6RRRRRR10G1P1A1;2;07.02.2020 05:21:56;07.02.2020 06:43:05;4868.095361;717.05541625462;120.372950761001;19.1367417854479;714.987958049874;208.239435762864;595.168960686612;135.464396260099;125.753750101694;54.7550626070828;99.7365807582719;0.00241674121810931;413.780338791229;0.973609211331504;3;3097;4840.31064899999;0.68220794126388
IFToMMDACH_Vgl_Winkel30_20200206_nachts_Wdh2;3;P6PRRRRR6V2G8P3A1;2;07.02.2020 05:21:56;07.02.2020 07:11:42;6585.655531;452.395594188131;41.7375411135908;6.56552712171451;454.536940447062;86.6481517353045;573.484789949068;126.230280448684;122.248584995186;48.8358997731465;96.3921135804481;0.000176263327626418;5673.32986087414;0.394547502157296;439;2661;6555.71790700002;0.68220794126388
IFToMMDACH_Vgl_Winkel30_20200206_nachts_Wdh2;4;P6PRRRRR6G8P3A1;2;07.02.2020 05:21:56;07.02.2020 06:53:08;5471.782818;602.247611863835;84.7851272293493;13.397319688938;602.073673146261;138.585248372828;444.457746527406;83.9135238490969;94.6011610138297;19.9664542038014;99.5609522042062;0.00144997807844395;689.66559899523;0.666221305056599;30;3070;5445.37354100001;0.68220794126388
IFToMMDACH_Vgl_Winkel30_20200206_nachts_Wdh3;1;P6RRRRRR10V3G1P1A1;2;07.02.2020 16:02:48;07.02.2020 18:01:09;7101.327857;477.448945379046;78.4087970622378;12.3790829894974;488.220841078722;96.3662867708049;276.717792485207;46.4282161017043;96.1667904892328;20.9965931562558;99.07116876034;0.000685350117697112;1459.10823413902;0.355853064898124;111;2989;7073.009984;0.68220794126388
IFToMMDACH_Vgl_Winkel30_20200206_nachts_Wdh3;2;P6RRRRRR10G1P1A1;2;07.02.2020 16:02:48;07.02.2020 17:40:38;5870.65233;44565.2802079006;165.320435353249;26.5683991948158;793.493342293351;297.391227092372;796.978420828661;302.869502551212;79.9636101412076;12.496218910422;99.8429565882003;0.00405377388162402;246.683714780702;1.68859412804467;0;3100;5841.79678199999;0.68220794126388
IFToMMDACH_Vgl_Winkel30_20200206_nachts_Wdh3;3;P6PRRRRR6V2G8P3A1;2;07.02.2020 16:02:48;07.02.2020 18:34:38;9109.723015;451.682616849373;44.8180722326299;7.05165991392227;451.737773947742;85.8812600028442;900.637113944399;635.490675224795;187.712626694702;434.514341920705;97.2855962584383;0.000234391785174977;4266.3611237633;0.544672565509814;466;2634;9078.369776;0.68220794126388
IFToMMDACH_Vgl_Winkel30_20200206_nachts_Wdh3;4;P6PRRRRR6G8P3A1;2;07.02.2020 16:02:48;07.02.2020 17:42:42;5994.577929;541.043440681062;66.1321996106274;10.4255496767394;542.427940622444;114.303585897704;822.312506600315;348.928198932068;153.611542188693;137.241158239915;98.8626901247538;0.000559699742923128;1786.67225176365;0.95932967737169;24;3076;5966.813826;0.68220794126388
IFToMMDACH_Vgl_Winkel30_20200206_nachts_Wdh4;1;P6RRRRRR10V3G1P1A1;2;08.02.2020 02:27:20;08.02.2020 03:54:49;5248.638811;452.927246976931;66.9757761423065;10.5595172187881;448.171091874959;84.9124384952101;254.706677998239;42.290203873948;95.3005929081923;20.4201676433566;98.8780106153201;0.00056734392136819;1762.5993023569;0.274619709287098;115;2985;5219.69328600001;0.68220794126388
IFToMMDACH_Vgl_Winkel30_20200206_nachts_Wdh4;2;P6RRRRRR10G1P1A1;2;08.02.2020 02:27:20;08.02.2020 03:36:28;4148.254014;679.993107015247;110.662249059529;17.5600078594723;675.084860549529;178.618693491124;548.893575493519;116.673740217063;123.267012793282;50.485205049362;99.6260414528297;0.00170236101006686;587.419468659425;0.888939169821247;4;3096;4119.555771;0.68220794126388
IFToMMDACH_Vgl_Winkel30_20200206_nachts_Wdh4;3;P6PRRRRR6V2G8P3A1;2;08.02.2020 02:27:20;08.02.2020 04:02:48;5727.698946;479.484917911482;51.5082206855658;8.10859374986224;480.052372487808;93.9217330058028;635.169674363572;154.963261693003;124.511258057489;52.5774852554141;97.4219747215125;0.000246805857435657;4051.76769461682;0.409843485102544;262;2838;5699.20805599999;0.68220794126388
IFToMMDACH_Vgl_Winkel30_20200206_nachts_Wdh4;4;P6PRRRRR6G8P3A1;2;08.02.2020 02:27:20;08.02.2020 03:58:38;5478.119683;602.247611863835;84.7851272293493;13.397319688938;602.073673146261;138.585248372828;444.457746527406;83.9135238490969;94.6011610138297;19.9664542038014;99.5609522042062;0.00144997807844395;689.66559899523;0.666221305056599;30;3070;5451.244774;0.68220794126388
IFToMMDACH_Vgl_Winkel30_20200206_nachts_Wdh5;1;P6RRRRRR10V3G1P1A1;2;08.02.2020 12:55:57;08.02.2020 14:08:34;4356.830678;467.975817018502;52.219342476922;8.2210411690355;468.398016214156;90.5340594624385;371.376528602445;65.9976858363734;159.649969565734;167.906520153517;96.1687516365153;0.000165964449137401;6025.38679336144;0.774309614791212;47;3053;4328.383605;0.68220794126388
IFToMMDACH_Vgl_Winkel30_20200206_nachts_Wdh5;2;P6RRRRRR10G1P1A1;2;08.02.2020 12:55:57;08.02.2020 13:57:35;3697.591383;72312.8151955758;186.724021631437;30.2016108377166;833.164946704251;372.81061751957;809.301091512874;323.789820899281;117.241743390218;41.4907785006431;99.7951948173692;0.00310840559767542;321.708338431715;2.82891575780487;0;3100;3668.531383;0.68220794126388
IFToMMDACH_Vgl_Winkel30_20200206_nachts_Wdh5;3;P6PRRRRR6V2G8P3A1;2;08.02.2020 12:55:57;08.02.2020 14:57:31;7293.885299;461.47214972174;44.1864946798937;6.95196556501429;473.876103764966;92.1121869644485;874.438494127192;500.426769830286;107.971166397526;30.7200620696982;98.5193305358822;0.00042987647871193;2326.24963104837;0.811486717735987;522;2578;7257.419866;0.68220794126388
IFToMMDACH_Vgl_Winkel30_20200206_nachts_Wdh5;4;P6PRRRRR6G8P3A1;2;08.02.2020 12:55:57;08.02.2020 14:14:07;4689.965784;657.300363994892;98.1114130138924;15.534485542051;658.964876780581;168.464997105481;610.708346970089;142.622670353584;126.572410750085;56.2398709028125;99.5690103033648;0.00147708878274766;677.007375372396;0.711648377001872;22;3078;4663.094374;0.68220794126388
IFToMMDACH_Vgl_Winkel30_20200206_nachts_Wdh6;1;P6RRRRRR10V3G1P1A1;2;08.02.2020 23:16:13;09.02.2020 00:50:25;5652.667397;428.941909356947;66.0643881553744;10.4147822211699;445.598692402801;84.2194004852455;405.183541615868;73.9057146807637;135.548257734943;75.4834233912627;98.345418230534;0.000384675109516515;2599.59632235334;0.370804880689723;73;3027;5623.37474400001;0.68220794126388
IFToMMDACH_Vgl_Winkel30_20200206_nachts_Wdh6;2;P6RRRRRR10G1P1A1;2;08.02.2020 23:16:13;09.02.2020 00:58:55;6162.084341;592.289870314589;100.546436797992;15.9264433112296;598.465707008733;136.942922187045;467.597930643262;90.3056318835468;111.155814615045;34.0553689522593;99.3163815042063;0.000931214275992283;1073.86669833258;0.647913172247842;19;3081;6134.88414100001;0.68220794126388
IFToMMDACH_Vgl_Winkel30_20200206_nachts_Wdh6;3;P6PRRRRR6V2G8P3A1;2;08.02.2020 23:16:13;09.02.2020 01:08:48;6755.269025;483.811810307554;48.0849972630929;7.56757028932127;484.471726182789;95.2368849871354;479.276564056945;93.6926318798757;110.396919501535;33.2285549681171;94.1769469477634;0.000109022425122287;9172.42483716843;0.27718024585314;309;2791;6725.36627299999;0.68220794126388
IFToMMDACH_Vgl_Winkel30_20200206_nachts_Wdh6;4;P6PRRRRR6G8P3A1;2;08.02.2020 23:16:13;09.02.2020 01:20:52;7479.305326;587.54064009059;68.2333812211234;10.7593059823059;585.723533124976;131.340641151376;375.978222788446;67.0403542333577;100.328482622962;24.0051437735223;99.5764474239281;0.00150302563391352;665.32464745544;0.242645410536632;82;3018;7445.04932400001;0.68220794126388
IFToMMDACH_Vgl_Winkel30_20200206_nachts_Wdh7;1;P6RRRRRR10V3G1P1A1;2;09.02.2020 09:56:18;09.02.2020 11:22:05;5147.440665;471.051152115339;85.0648837753608;13.442055124857;477.620017563612;93.2051893020104;600.845423134852;138.023272459215;98.9334176223584;22.9507278743971;99.6519316576262;0.0018289897453236;546.749921674968;0.642184833316957;78;3022;5118.72358599999;0.68220794126388
IFToMMDACH_Vgl_Winkel30_20200206_nachts_Wdh7;2;P6RRRRRR10G1P1A1;2;09.02.2020 09:56:18;09.02.2020 10:59:47;3809.492899;72312.8151955758;186.724021631437;30.2016108377166;833.164946704251;372.81061751957;809.301091512874;323.789820899281;117.241743390218;41.4907785006431;99.7951948173692;0.00310840559767542;321.708338431715;2.82891575780487;0;3100;3779.51906699999;0.68220794126388
IFToMMDACH_Vgl_Winkel30_20200206_nachts_Wdh7;3;P6PRRRRR6V2G8P3A1;2;09.02.2020 09:56:18;09.02.2020 11:42:48;6389.890971;448.408680626093;88.4900430554357;13.9902010730373;450.64788185245;85.5842265825139;474.772081167472;92.37267749944;132.935600621573;69.2742517784138;99.7073410546069;0.00217528046826446;459.710834804602;0.994895345557269;353;2747;6359.31561499999;0.68220794126388
IFToMMDACH_Vgl_Winkel30_20200206_nachts_Wdh7;4;P6PRRRRR6G8P3A1;2;09.02.2020 09:56:18;09.02.2020 12:12:29;8171.435973;647.690543055452;91.9179760160406;14.5396177337182;648.596862636356;162.380732984092;634.460924828953;154.585239759073;107.199710525005;29.9633320057044;99.6861393123871;0.00202833498934352;493.015209644269;0.547231376403036;45;3055;8144.643104;0.68220794126388
IFToMMDACH_Vgl_Winkel30_20200206_nachts_Wdh8;1;P6RRRRRR10V3G1P1A1;2;09.02.2020 21:17:02;09.02.2020 23:04:47;6464.421988;442.515591655757;69.6458449997115;10.983797649976;484.512267118256;95.2490298367045;460.934255353877;88.4230133602453;177.536731328869;306.958714370524;97.8387330213604;0.000294445426201414;3396.2150911998;0.459072276487015;63;3037;6431.75932799998;0.68220794126388
IFToMMDACH_Vgl_Winkel30_20200206_nachts_Wdh8;2;P6RRRRRR10G1P1A1;2;09.02.2020 21:17:02;09.02.2020 22:36:43;4780.816596;536.33715985795;105.449468258115;16.7171305765279;579.870219050703;128.864969715191;563.169936825638;122.112167228343;99.3930122072565;23.2928001905379;99.6467348929266;0.00180208354941304;554.913228260539;0.848672215889896;12;3088;4752.14546;0.68220794126388
IFToMMDACH_Vgl_Winkel30_20200206_nachts_Wdh8;3;P6PRRRRR6V2G8P3A1;2;09.02.2020 21:17:02;09.02.2020 23:17:09;7206.979835;472.081700072974;45.4986407290458;7.15910309095586;471.373463421408;91.3881476783019;732.630541082729;223.938028951482;140.303412241822;88.2822402971652;98.3301725611933;0.000381161403024657;2623.5604971139;0.865435717731168;481;2619;7170.39021699999;0.68220794126388
IFToMMDACH_Vgl_Winkel30_20200206_nachts_Wdh8;4;P6PRRRRR6G8P3A1;2;09.02.2020 21:17:02;09.02.2020 22:53:13;5770.62788;651.297734110957;85.8648973421549;13.5700132857184;650.972984514187;163.746398158905;576.009066004417;127.263777170693;109.392849391448;32.16589867275;99.6964043081671;0.00209691693083252;476.890612735422;0.834692410268831;29;3071;5742.76915899999;0.68220794126388
IFToMMDACH_Vgl_Winkel30_20200206_nachts_Wdh9;1;P6RRRRRR10V3G1P1A1;2;10.02.2020 07:28:27;10.02.2020 09:14:51;6384.429738;448.074584678729;86.5194982234668;13.6747458660702;471.219208305938;91.343690507907;392.089491429598;70.7726498574795;101.213221708913;24.6992100242033;99.5117322677976;0.00130380782397956;766.984199364397;0.464686437413661;74;3026;6356.78155399999;0.68220794126388
IFToMMDACH_Vgl_Winkel30_20200206_nachts_Wdh9;2;P6RRRRRR10G1P1A1;2;10.02.2020 07:28:27;10.02.2020 09:10:53;6146.33327;44565.2802079006;165.320435353249;26.5683991948158;793.493342293351;297.391227092372;796.978420828661;302.869502551212;79.9636101412076;12.496218910422;99.8429565882003;0.00405377388162402;246.683714780702;1.68859412804467;0;3100;6119.568051;0.68220794126388
IFToMMDACH_Vgl_Winkel30_20200206_nachts_Wdh9;3;P6PRRRRR6V2G8P3A1;2;10.02.2020 07:28:27;10.02.2020 09:04:29;5761.810483;486.686470679647;48.4071275222584;7.61846212247482;484.899073664811;95.3649796344963;572.156275574094;125.690502479362;126.365521273181;55.8608021049724;98.6014718776659;0.000455133757571771;2197.15629386666;0.688501926453648;220;2880;5725.42150199999;0.68220794126388
IFToMMDACH_Vgl_Winkel30_20200206_nachts_Wdh9;4;P6PRRRRR6G8P3A1;2;10.02.2020 07:28:27;10.02.2020 09:06:11;5864.020454;602.247611863835;84.7851272293493;13.397319688938;602.073673146261;138.585248372828;444.457746527406;83.9135238490969;94.6011610138297;19.9664542038014;99.5609522042062;0.00144997807844395;689.66559899523;0.666221305056599;30;3070;5835.15291000001;0.68220794126388
IFToMMDACH_Vgl_Winkel45_20200206_nachts_Wdh1;1;P6RRRRRR10V3G1P1A1;2;06.02.2020 21:45:48;06.02.2020 23:47:16;7287.853799;457.618091441503;61.9647741656669;9.76425871122095;455.594322872872;86.9393655339795;396.321812601801;71.7751816736591;150.954591473523;125.625407828233;97.6661685702494;0.00027265660515803;3667.61699912022;0.469873586572;351;2749;7258.89373300001;0.993053883836511
IFToMMDACH_Vgl_Winkel45_20200206_nachts_Wdh1;2;P6RRRRRR10G1P1A1;2;06.02.2020 21:45:48;06.02.2020 23:02:51;4622.967186;10049.1218575702;113.441170178131;18.0103278192149;665.734733115712;172.621010137534;732.0943348216;223.432371500802;87.9528716615249;16.1325053551827;99.7142788888659;0.0022281010155498;448.812685341038;1.00021282671108;0;3100;4595.445503;0.993053883836511
IFToMMDACH_Vgl_Winkel45_20200206_nachts_Wdh1;3;P6PRRRRR6V2G8P3A1;2;06.02.2020 21:45:48;06.02.2020 23:15:19;5371.348019;488.558652766469;47.3471057757716;7.4510089556516;485.948935347463;95.6803665865919;358.473569602866;63.1261031702377;91.8456901100499;18.2762910487286;98.8016299130861;0.000531175288836396;1882.61769893442;0.217864204055611;274;2826;5341.41199299999;0.993053883836511
IFToMMDACH_Vgl_Winkel45_20200206_nachts_Wdh1;4;P6PRRRRR6G8P3A1;2;06.02.2020 21:45:48;06.02.2020 23:18:09;5541.074195;668.646944139986;98.6496573272207;15.621084451122;695.330264654902;192.752572991834;808.656413096755;322.630685704605;157.231986343429;154.862489327239;99.4964737720596;0.00126429659813925;790.953642896585;1.82699898023657;8;3092;5514.539531;0.993053883836511
IFToMMDACH_Vgl_Winkel45_20200206_nachts_Wdh2;1;P6RRRRRR10V3G1P1A1;2;07.02.2020 07:22:44;07.02.2020 09:02:17;5973.629792;466.048644036561;75.9285374909181;11.9837031433278;475.975273338611;92.7235531407626;315.188386250636;53.9952852237043;99.3415946907205;23.2542747927188;99.4698281930557;0.00120075237222058;832.81118000265;0.45670302000095;64;3036;5938.06326000002;0.993053883836511
IFToMMDACH_Vgl_Winkel45_20200206_nachts_Wdh2;2;P6RRRRRR10G1P1A1;2;07.02.2020 07:22:44;07.02.2020 09:24:22;7298.639699;18209.3129592303;140.946303029224;22.5087721193202;758.201161358407;250.500859547698;744.405297294956;235.544964778023;65.3345699437981;7.84426421753949;99.7774619294021;0.00286071132740027;349.563407681813;1.14620958420426;0;3100;7272.70862799999;0.993053883836511
IFToMMDACH_Vgl_Winkel45_20200206_nachts_Wdh2;3;P6PRRRRR6V2G8P3A1;2;07.02.2020 07:22:44;07.02.2020 09:14:15;6690.863769;508.416633601196;54.7838724660393;8.62673573126898;502.205149110771;100.695178793141;241.656661983615;39.8941329381283;125.352799658212;54.0424948890622;98.6782043786029;0.00048156332129261;2076.5701119342;0.29769517647765;143;2957;6663.17900300001;0.993053883836511
IFToMMDACH_Vgl_Winkel45_20200206_nachts_Wdh2;4;P6PRRRRR6G8P3A1;2;07.02.2020 07:22:44;07.02.2020 08:40:22;4658.483299;750.30752098179;122.357399992082;19.4600677849727;750.957481547823;242.452100888538;471.895859582448;91.5388515016039;86.2086613919554;15.2564444559839;99.8696054883986;0.00488225213076768;204.823506286792;0.883767890324101;12;3088;4629.958566;0.993053883836511
IFToMMDACH_Vgl_Winkel45_20200206_nachts_Wdh3;1;P6RRRRRR10V3G1P1A1;2;07.02.2020 18:46:28;07.02.2020 19:58:19;4310.837898;470.055444764756;78.9432783030805;12.4643345444779;467.651080614684;90.3207903223338;293.965120128752;49.7641875973342;77.095277529743;11.4036039955494;99.5289152974044;0.00135136664186259;739.991627010784;0.351223415002092;112;2988;4282.487937;0.993053883836511
IFToMMDACH_Vgl_Winkel45_20200206_nachts_Wdh3;2;P6RRRRRR10G1P1A1;2;07.02.2020 18:46:28;07.02.2020 19:45:12;3524.158797;31649.7395088537;138.170859947205;22.0511647223312;701.155045083053;197.144486312972;819.914245163118;344.029277435923;126.640440361663;56.3650887336048;99.9101289559755;0.00708369816303987;141.169199616329;1.55787683251086;0;3100;3494.599404;0.993053883836511
IFToMMDACH_Vgl_Winkel45_20200206_nachts_Wdh3;3;P6PRRRRR6V2G8P3A1;2;07.02.2020 18:46:28;07.02.2020 20:15:31;5343.495947;499.613914233301;54.7492215109381;8.62125229089874;497.71692003395;99.2853092733856;518.520037388677;105.99431426382;136.025305125076;76.6770925204025;99.0691178608842;0.000683839954557155;1462.33046685256;0.302727629336569;152;2948;5315.768085;0.993053883836511
IFToMMDACH_Vgl_Winkel45_20200206_nachts_Wdh3;4;P6PRRRRR6G8P3A1;2;07.02.2020 18:46:28;07.02.2020 20:26:13;5985.092902;657.675560061737;94.2935508874022;14.9208692830472;656.879637395379;167.214745006144;557.581959897105;119.948686062731;104.414097132688;27.3850986141818;99.4067777428219;0.00107312451354425;931.858314090002;0.681230265112706;32;3068;5958.164524;0.993053883836511
IFToMMDACH_Vgl_Winkel45_20200206_nachts_Wdh4;1;P6RRRRRR10V3G1P1A1;2;08.02.2020 04:14:48;08.02.2020 05:29:32;4484.379485;474.428534363322;92.9809412524711;14.7101592410311;504.749931702538;101.503480686353;402.994824054781;73.375469889298;117.907384497761;42.3984898432097;99.6164543400598;0.00165980777863402;602.479403261367;0.450179553107947;53;3047;4456.090227;0.993053883836511
IFToMMDACH_Vgl_Winkel45_20200206_nachts_Wdh4;2;P6RRRRRR10G1P1A1;2;08.02.2020 04:14:48;08.02.2020 05:26:22;4293.987251;15150.9516675342;117.204225789462;18.6212583216203;680.809288425945;182.44833285751;708.437661753091;202.86374235408;75.0418366389328;10.6812380803098;99.7427971407247;0.00247515253282305;404.015504797776;1.08927120407176;0;3100;4265.3908;0.993053883836511
IFToMMDACH_Vgl_Winkel45_20200206_nachts_Wdh4;3;P6PRRRRR6V2G8P3A1;2;08.02.2020 04:14:48;08.02.2020 06:10:08;6919.548773;516.002732191145;56.7910850322024;8.94446183897759;515.998806817305;105.156855308864;668.326740061409;174.252870413024;140.008789853219;87.428349702679;98.578652493664;0.000447824326623625;2233.01848637725;0.263312263454489;186;2914;6891.243206;0.993053883836511
IFToMMDACH_Vgl_Winkel45_20200206_nachts_Wdh4;4;P6PRRRRR6G8P3A1;2;08.02.2020 04:14:48;08.02.2020 06:00:13;6324.65278;621.246874224668;77.2653630380654;12.1967607575226;620.894992517083;147.591431523849;457.94130919587;87.5887664184892;93.8137475240461;19.4678918166737;99.2631387607722;0.000863922959534138;1157.51061939509;0.258877652500075;97;3003;6292.573057;0.993053883836511
IFToMMDACH_Vgl_Winkel45_20200206_nachts_Wdh5;1;P6RRRRRR10V3G1P1A1;2;08.02.2020 15:09:14;08.02.2020 16:41:36;5542.296923;496.987744108385;88.2402798793024;13.9502026734022;495.160081032737;98.4909382217591;372.005316436995;66.1395692236571;113.4656204469;36.7030043124966;99.6840346185819;0.00201482371960908;496.321335840745;0.510450977001059;43;3057;5515.50832099999;0.993053883836511
IFToMMDACH_Vgl_Winkel45_20200206_nachts_Wdh5;2;P6RRRRRR10G1P1A1;2;08.02.2020 15:09:14;08.02.2020 16:17:28;4093.76467;34568.6427917129;95.6030086759561;15.1312025863267;630.783931926293;152.644742035766;801.850935892225;310.840567278649;104.83363018043;27.7584839514283;99.2133345655322;0.000809222499969878;1235.75407262801;1.49796641190042;0;3100;4065.298627;0.993053883836511
IFToMMDACH_Vgl_Winkel45_20200206_nachts_Wdh5;3;P6PRRRRR6V2G8P3A1;2;08.02.2020 15:09:14;08.02.2020 17:15:01;7546.426332;469.946303724598;43.841542961352;6.8975208467088;469.959862534611;90.9814745169835;549.803157590635;117.011675417804;132.787934526054;68.9392824083758;97.1576567228741;0.000223828244197473;4467.71140784961;0.455850444254119;427;2673;7508.34095000001;0.993053883836511
IFToMMDACH_Vgl_Winkel45_20200206_nachts_Wdh5;4;P6PRRRRR6G8P3A1;2;08.02.2020 15:09:14;08.02.2020 16:40:05;5450.859216;630.458879056994;86.1176996014771;13.610456795658;629.840903365801;152.152573523346;624.866477748956;149.592646629934;112.224448025041;35.2552603457452;99.4637781909355;0.0011872040754384;842.315167786742;0.785054523026493;13;3087;5422.98371100001;0.993053883836511
IFToMMDACH_Vgl_Winkel45_20200206_nachts_Wdh6;1;P6RRRRRR10V3G1P1A1;2;09.02.2020 01:32:58;09.02.2020 03:17:26;6268.620522;449.458538175094;70.4479346109478;11.1113273222093;467.821150988585;90.3693099729786;659.635346208055;168.869927483846;128.182506116019;59.281004469839;99.3304029351527;0.000950715481784412;1051.83939796908;0.744019174053384;53;3047;6241.265217;0.993053883836511
IFToMMDACH_Vgl_Winkel45_20200206_nachts_Wdh6;2;P6RRRRRR10G1P1A1;2;09.02.2020 01:32:58;09.02.2020 02:44:52;4314.034461;62271.3216088479;110.378031929382;17.5139901043061;789.792236056899;291.765351394506;909.313635078035;697.246880780917;132.449621675797;68.1780612175447;99.590903303917;0.00155613823207103;642.616433033153;3.11604638903107;0;3100;4285.960602;0.993053883836511
IFToMMDACH_Vgl_Winkel45_20200206_nachts_Wdh6;3;P6PRRRRR6V2G8P3A1;2;09.02.2020 01:32:58;09.02.2020 03:24:48;6709.900236;476.338382901027;43.5228162541942;6.84721891501799;472.798948922932;91.7999146775168;347.543252390983;60.7505066160553;145.572388161355;105.078032731239;98.6077472164516;0.000457185852994108;2187.29427748257;0.425991516816481;263;2837;6681.48563000002;0.993053883836511
IFToMMDACH_Vgl_Winkel45_20200206_nachts_Wdh6;4;P6PRRRRR6G8P3A1;2;09.02.2020 01:32:58;09.02.2020 02:38:38;3939.971627;13139.967621538;119.197899727649;18.9454730740739;743.653378828592;234.773701885027;609.829854212978;142.204803839414;105.668453790766;28.5169433917221;99.8674308830543;0.0048021655935561;208.239382944618;1.05499880093263;0;3100;3911.502153;0.993053883836511
IFToMMDACH_Vgl_Winkel45_20200206_nachts_Wdh7;1;P6RRRRRR10V3G1P1A1;2;09.02.2020 12:24:33;09.02.2020 14:14:10;6576.798096;448.55159380819;57.5421950344639;9.0634024420273;445.470795155316;84.1850665529826;590.154996199445;133.255052275276;154.88011407896;143.169219412942;96.1182742829228;0.000163801019242241;6104.96811696345;0.76304202158634;239;2861;6547.411196;0.993053883836511
IFToMMDACH_Vgl_Winkel45_20200206_nachts_Wdh7;2;P6RRRRRR10G1P1A1;2;09.02.2020 12:24:33;09.02.2020 13:36:40;4327.005805;34568.6427917129;95.6030086759561;15.1312025863267;630.783931926293;152.644742035766;801.850935892225;310.840567278649;104.83363018043;27.7584839514283;99.2133345655322;0.000809222499969878;1235.75407262801;1.49796641190042;0;3100;4297.30320199999;0.993053883836511
IFToMMDACH_Vgl_Winkel45_20200206_nachts_Wdh7;3;P6PRRRRR6V2G8P3A1;2;09.02.2020 12:24:33;09.02.2020 14:26:48;7335.092934;538.910833540927;63.4759570523834;10.0039539318185;537.950413601254;112.694248787457;780.746639884336;278.786150077788;120.235196192694;45.734931393823;97.437514625023;0.000248304216342717;4027.3178390969;0.904673291108076;169;2931;7307.49917299999;0.993053883836511
IFToMMDACH_Vgl_Winkel45_20200206_nachts_Wdh7;4;P6PRRRRR6G8P3A1;2;09.02.2020 12:24:33;09.02.2020 13:51:15;5201.521552;840.109497268673;181.999918633213;29.3936602822704;839.733293339511;388.798000944057;666.868602194036;173.33203034184;89.1841935771776;16.7815123316333;99.6719972431264;0.00194088045248679;515.230084737435;0.73696930437045;36;3064;5172.69719300001;0.993053883836511
IFToMMDACH_Vgl_Winkel45_20200206_nachts_Wdh8;1;P6RRRRRR10V3G1P1A1;2;09.02.2020 23:29:00;10.02.2020 00:21:09;3129.077441;475.543126450473;70.565389251362;11.1300052204238;482.915905540328;94.7719172798897;466.794856423551;90.076871849671;119.947629522084;45.3086939574815;98.8406547908733;0.000549059408593263;1821.29653795039;0.711990629014021;28;3072;3100.66177900001;0.993053883836511
IFToMMDACH_Vgl_Winkel45_20200206_nachts_Wdh8;2;P6RRRRRR10G1P1A1;2;09.02.2020 23:29:00;10.02.2020 00:16:36;2856.043337;28065.7156111771;100.515581146417;15.9214736154583;670.476773561259;175.62414681752;766.747506593696;260.607814409646;94.8241329071883;20.1099718768961;99.5128264357345;0.00130673622713088;765.265383508679;1.35972691097002;0;3100;2826.80553000001;0.993053883836511
IFToMMDACH_Vgl_Winkel45_20200206_nachts_Wdh8;3;P6PRRRRR6V2G8P3A1;2;09.02.2020 23:29:00;10.02.2020 01:02:27;5607.229728;499.275786024607;50.3357009875152;7.92323129576137;497.887198473749;99.3384369784804;366.790855795964;64.9684973541055;103.532689292273;26.6171789365773;98.4180607604003;0.000402347143799235;2485.41592853704;0.185179771962445;145;2955;5579.094272;0.993053883836511
IFToMMDACH_Vgl_Winkel45_20200206_nachts_Wdh8;4;P6PRRRRR6G8P3A1;2;09.02.2020 23:29:00;10.02.2020 01:03:37;5676.951978;25302.68117552;225.103324297317;36.9103879060126;865.832152330497;467.449130616831;721.808529337739;214.087365884385;103.732930837422;26.7896949457341;99.8996420021955;0.00634348292054704;157.642104901224;1.2735218315502;0;3100;5650.996617;0.993053883836511
IFToMMDACH_Vgl_Winkel60_20200206_nachts_Wdh1;1;P6RRRRRR10V3G1P1A1;2;06.02.2020 17:57:35;06.02.2020 19:38:32;6056.750672;433.729974469505;73.3172205131333;11.5678298956759;451.540521287039;85.8274371402342;427.719245872779;79.5285812746929;128.13005417046;59.179338835992;99.1885520269015;0.000784505374160291;1274.68852723969;0.632410116750742;85;3015;6026.24069399999;1.26074547559508
IFToMMDACH_Vgl_Winkel60_20200206_nachts_Wdh1;2;P6RRRRRR10G1P1A1;2;06.02.2020 17:57:35;06.02.2020 19:11:54;4458.513453;670.610929383624;116.223534912063;18.4619157568524;670.963913327029;175.937103442511;596.411936898843;136.019399765801;91.6768549645056;18.1775768691369;99.7669049271882;0.00273114708003084;366.14652038026;0.769473790648721;1;3099;4424.404104;1.26074547559508
IFToMMDACH_Vgl_Winkel60_20200206_nachts_Wdh1;3;P6PRRRRR6V2G8P3A1;2;06.02.2020 17:57:35;06.02.2020 19:28:48;5473.146869;502.061237840332;59.5293560596358;9.37819914961699;503.028484210409;100.955981315272;864.925855718362;464.21756673714;165.03746691179;201.172699216365;98.6590464905539;0.000474681347156514;2106.6764177491;0.889891475694017;119;2981;5441.47064099999;1.26074547559508
IFToMMDACH_Vgl_Winkel60_20200206_nachts_Wdh1;4;P6PRRRRR6G8P3A1;2;06.02.2020 17:57:35;06.02.2020 19:22:03;5067.656777;39634.8608062006;166.884468292964;26.831591131165;814.369226893847;333.17433311876;713.70857452199;207.171480246529;83.8683613344261;14.1561842476903;99.7518423320424;0.00256537125435558;389.807127643675;1.56888413459299;0;3100;5036.18815199999;1.26074547559508
IFToMMDACH_Vgl_Winkel60_20200206_nachts_Wdh2;1;P6RRRRRR10V3G1P1A1;2;07.02.2020 03:37:05;07.02.2020 05:03:14;5168.693254;504.760173434953;84.7689186223879;13.3947279573065;497.975822620926;99.3660993172994;363.538446480549;64.2443666052316;110.316089440939;33.141702491475;99.6026330211427;0.00160207450182461;624.190697037557;0.500639327819633;38;3062;5142.0883;1.26074547559508
IFToMMDACH_Vgl_Winkel60_20200206_nachts_Wdh2;2;P6RRRRRR10G1P1A1;2;07.02.2020 03:37:05;07.02.2020 04:53:17;4572.064626;66657.8440457341;125.682540046981;20.002715703593;708.114797105686;202.604580632535;882.742326148375;536.770232250656;112.608153761227;35.6965145031859;99.8678343910037;0.00481682687798219;207.605551399619;2.43473937212639;0;3100;4543.80278399999;1.26074547559508
IFToMMDACH_Vgl_Winkel60_20200206_nachts_Wdh2;3;P6PRRRRR6V2G8P3A1;2;07.02.2020 03:37:05;07.02.2020 05:11:14;5649.040939;498.203487586939;50.4476389879691;7.94092510541405;498.210471864465;99.4393775797673;735.863428082584;227.027642903189;165.497041359454;204.306263035194;98.3730953563395;0.000391222178699539;2556.09230367281;0.3060169592425;217;2883;5621.48467700001;1.26074547559508
IFToMMDACH_Vgl_Winkel60_20200206_nachts_Wdh2;4;P6PRRRRR6G8P3A1;2;07.02.2020 03:37:05;07.02.2020 04:59:37;4951.657886;33705.3996415504;127.835576369865;20.3546849034731;745.931202398359;237.123394536744;745.837579300381;237.02603245389;88.3029244802365;16.3143795522208;99.6813959966225;0.00199813703103795;500.466176476665;1.43977467061635;0;3100;4924.77159300001;1.26074547559508
IFToMMDACH_Vgl_Winkel60_20200206_nachts_Wdh3;1;P6RRRRRR10V3G1P1A1;2;07.02.2020 14:06:23;07.02.2020 15:51:05;6282.269994;470.129454617338;76.8801832135817;12.1353613136843;469.755511126241;90.9228214721174;368.038932061019;65.2476503689416;103.890319910302;26.9260889353474;99.2502035708748;0.000849017561197464;1177.83193858745;0.609180758441473;148;2952;6254.208095;1.26074547559508
IFToMMDACH_Vgl_Winkel60_20200206_nachts_Wdh3;2;P6RRRRRR10G1P1A1;2;07.02.2020 14:06:23;07.02.2020 14:49:19;2576.356335;31753.3992813336;134.865803266804;21.5073810579431;737.498399348312;228.61743003962;721.102418082032;213.469552620294;83.772345276256;14.1128007830854;99.6532738586101;0.0018360700325341;544.641534516972;1.39902832315634;0;3100;2547.834324;1.26074547559508
IFToMMDACH_Vgl_Winkel60_20200206_nachts_Wdh3;3;P6PRRRRR6V2G8P3A1;2;07.02.2020 14:06:23;07.02.2020 15:39:17;5573.901914;504.824945135949;56.9292907290002;8.96634524611286;502.600166493985;100.820221011384;750.370545015431;241.819364673995;133.385257191465;70.3045274645161;98.7553417409845;0.00051141640777243;1955.35376808829;0.795142751837006;229;2871;5544.01347600001;1.26074547559508
IFToMMDACH_Vgl_Winkel60_20200206_nachts_Wdh3;4;P6PRRRRR6G8P3A1;2;07.02.2020 14:06:23;07.02.2020 15:44:32;5889.299229;700.250724376489;116.760162832714;18.5490957343247;699.750220171846;196.070833502252;472.321458541161;91.6617981710454;75.0193635360413;10.6735939932129;99.9030380819782;0.00656566302614867;152.307542439714;0.565464117131943;4;3096;5862.81360500002;1.26074547559508
IFToMMDACH_Vgl_Winkel60_20200206_nachts_Wdh4;1;P6RRRRRR10V3G1P1A1;2;08.02.2020 00:34:43;08.02.2020 02:15:43;6060.096442;456.877511957504;89.5846782021755;14.1655537182385;473.923641242895;92.1259907192466;471.274811667852;91.3597134330194;131.026991439514;65.0697471919434;99.5378246555639;0.00137741789042948;725.996088005069;0.719040802967354;82;3018;6032.71581799999;1.26074547559508
IFToMMDACH_Vgl_Winkel60_20200206_nachts_Wdh4;2;P6RRRRRR10G1P1A1;2;08.02.2020 00:34:43;08.02.2020 01:33:44;3541.353481;91384.9705231464;208.269554351583;33.9342534774845;840.357949359411;390.385409221966;954.1902937742;1387.30556891441;92.8846842942939;18.8958529880378;99.7899595798502;0.00303092834204081;329.931917600755;7.60331703132591;0;3100;3512.913793;1.26074547559508
IFToMMDACH_Vgl_Winkel60_20200206_nachts_Wdh4;3;P6PRRRRR6V2G8P3A1;2;08.02.2020 00:34:43;08.02.2020 01:57:04;4940.618825;526.512727968971;54.8635245293921;8.63934069714965;524.312541304179;107.945304771076;481.997695702832;94.4985135977913;158.01169423052;158.951317557809;98.513308424601;0.000428134557413657;2335.71428113852;0.449730470108198;112;2988;4911.77013499999;1.26074547559508
IFToMMDACH_Vgl_Winkel60_20200206_nachts_Wdh4;4;P6PRRRRR6G8P3A1;2;08.02.2020 00:34:43;08.02.2020 01:57:12;4948.966201;33705.3996415504;127.835576369865;20.3546849034731;745.931202398359;237.123394536744;745.837579300381;237.02603245389;88.3029244802365;16.3143795522208;99.6813959966225;0.00199813703103795;500.466176476665;1.43977467061635;0;3100;4922.013126;1.26074547559508
IFToMMDACH_Vgl_Winkel60_20200206_nachts_Wdh5;1;P6RRRRRR10V3G1P1A1;2;08.02.2020 10:43:07;08.02.2020 11:58:54;4546.928788;484.028432679275;92.0777179010623;14.5652413159569;498.711357656882;99.5959783348643;513.482506489219;104.327960126251;106.416035142532;29.2140063111486;99.7179365875039;0.00225699462751521;443.067071498051;0.7281733772711;32;3068;4519.564316;1.26074547559508
IFToMMDACH_Vgl_Winkel60_20200206_nachts_Wdh5;2;P6RRRRRR10G1P1A1;2;08.02.2020 10:43:07;08.02.2020 11:22:47;2379.898337;99081.008372023;167.1510284758;26.876481802206;840.412457828482;390.524506019067;981.294019830152;3402.31595276278;207.925687853131;875.509523074388;99.8888679645442;0.00572849334662807;174.56597040278;56.6720860287935;0;3100;2351.04070500001;1.26074547559508
IFToMMDACH_Vgl_Winkel60_20200206_nachts_Wdh5;3;P6PRRRRR6V2G8P3A1;2;08.02.2020 10:43:07;08.02.2020 12:10:46;5258.777124;494.799036586582;54.8425520380776;8.63602176691526;496.265721927529;98.8336700143368;881.153965477829;529.430390464834;143.327151027136;97.5540978195795;98.0404268210814;0.000324774143881733;3079.06284671526;0.875045553722509;127;2973;5230.85808600001;1.26074547559508
IFToMMDACH_Vgl_Winkel60_20200206_nachts_Wdh5;4;P6PRRRRR6G8P3A1;2;08.02.2020 10:43:07;08.02.2020 12:44:28;7280.512919;717.765637291199;106.920695059185;16.9547809479384;717.017289382538;209.951864062269;540.213635939485;113.504497038262;105.820752419491;28.6575660358773;99.7318873139944;0.00237443448867926;421.152912311442;0.595706134959005;27;3073;7254.387097;1.26074547559508
IFToMMDACH_Vgl_Winkel60_20200206_nachts_Wdh6;1;P6RRRRRR10V3G1P1A1;2;08.02.2020 20:57:50;08.02.2020 22:18:03;4813.50251;452.582394715268;75.2417080711018;11.8742809802297;463.559507449544;89.1604999545026;528.494994013271;109.377987101548;136.279659580712;77.3213965558315;99.3307331402673;0.000951184583546488;1051.3206556308;0.491367520511914;34;3066;4784.85028100001;1.26074547559508
IFToMMDACH_Vgl_Winkel60_20200206_nachts_Wdh6;2;P6RRRRRR10G1P1A1;2;08.02.2020 20:57:50;08.02.2020 22:45:37;6467.507609;18242.276727301;129.273625945419;20.5900406671067;723.119586093643;215.242294301867;739.620448575;230.708890465818;121.673300212681;47.9286145874246;99.4836117978812;0.00123280471470538;811.158481202748;1.14485548247534;0;3100;6440.08754199999;1.26074547559508
IFToMMDACH_Vgl_Winkel60_20200206_nachts_Wdh6;3;P6PRRRRR6V2G8P3A1;2;08.02.2020 20:57:50;08.02.2020 23:04:34;7604.090347;501.90745089308;51.2076321255929;8.06106878117507;501.474268930112;100.464231129298;386.683714881228;69.5057821267966;134.526526015348;72.9902406302656;97.0076110650025;0.000212589628644037;4703.89833397948;0.333151083961061;199;2901;7575.69685699999;1.26074547559508
IFToMMDACH_Vgl_Winkel60_20200206_nachts_Wdh6;4;P6PRRRRR6G8P3A1;2;08.02.2020 20:57:50;08.02.2020 23:03:13;7523.341497;717.765637291199;106.920695059185;16.9547809479384;717.017289382538;209.951864062269;540.213635939485;113.504497038262;105.820752419491;28.6575660358773;99.7318873139944;0.00237443448867926;421.152912311442;0.595706134959005;27;3073;7496.935629;1.26074547559508
IFToMMDACH_Vgl_Winkel60_20200206_nachts_Wdh7;1;P6RRRRRR10V3G1P1A1;2;09.02.2020 08:06:31;09.02.2020 09:39:49;5598.199;462.51691416665;69.4577570105201;10.9538973875251;458.034160566726;87.6145441250436;555.145809025165;119.019702769822;139.406636286895;85.7092945481608;98.6844173447434;0.000483838202777799;2066.80661894581;0.64268466264746;117;2983;5570.51581600001;1.26074547559508
IFToMMDACH_Vgl_Winkel60_20200206_nachts_Wdh7;2;P6RRRRRR10G1P1A1;2;09.02.2020 08:06:31;09.02.2020 08:46:09;2378.087279;99081.008372023;167.1510284758;26.876481802206;840.412457828482;390.524506019067;981.294019830152;3402.31595276278;207.925687853131;875.509523074388;99.8888679645442;0.00572849334662807;174.56597040278;56.6720860287935;0;3100;2348.789143;1.26074547559508
IFToMMDACH_Vgl_Winkel60_20200206_nachts_Wdh7;3;P6PRRRRR6V2G8P3A1;2;09.02.2020 08:06:31;09.02.2020 09:29:11;4960.608185;484.183161645207;48.6066741412277;7.64998951370647;481.882259616847;94.4641944125548;505.231264035172;101.657104204087;108.521535774908;31.2717762778417;98.445428760142;0.000409433297962979;2442.4002761261;0.230605483321889;192;2908;4931.40048999999;1.26074547559508
IFToMMDACH_Vgl_Winkel60_20200206_nachts_Wdh7;4;P6PRRRRR6G8P3A1;2;09.02.2020 08:06:31;09.02.2020 09:44:31;5879.953739;700.250724376489;116.760162832714;18.5490957343247;699.750220171846;196.070833502252;472.321458541161;91.6617981710454;75.0193635360413;10.6735939932129;99.9030380819782;0.00656566302614867;152.307542439714;0.565464117131943;4;3096;5854.38124600001;1.26074547559508
IFToMMDACH_Vgl_Winkel60_20200206_nachts_Wdh8;1;P6RRRRRR10V3G1P1A1;2;09.02.2020 18:51:20;09.02.2020 20:12:56;4895.855992;487.105146265276;94.2483064068669;14.9136041491919;476.211485410576;92.792581836607;580.515210984557;129.13488297788;103.123591711171;26.268225204857;99.5112459041566;0.00130251034206221;767.748222572067;0.766521174450997;28;3072;4867.198773;1.26074547559508
IFToMMDACH_Vgl_Winkel60_20200206_nachts_Wdh8;2;P6RRRRRR10G1P1A1;2;09.02.2020 18:51:20;09.02.2020 19:33:45;2545.40539;80142.5287598154;184.274682063687;29.7822609910676;842.985819281498;397.198901592205;994.408843855321;11385.8992232539;148.075022236179;114.166827795699;99.7926697806023;0.00307054863243278;325.674698468367;72.032125523778;0;3100;2515.159232;1.26074547559508
IFToMMDACH_Vgl_Winkel60_20200206_nachts_Wdh8;3;P6PRRRRR6V2G8P3A1;2;09.02.2020 18:51:20;09.02.2020 21:05:30;8050.42538;525.218418484804;67.2679134543814;10.605919968209;521.971573903235;107.152258466805;412.297398801148;75.6479707243327;132.525058509209;68.3470517286748;98.6144253720065;0.000459390086212162;2176.79926061392;0.669371208559147;131;2969;8018.28354200001;1.26074547559508
IFToMMDACH_Vgl_Winkel60_20200206_nachts_Wdh8;4;P6PRRRRR6G8P3A1;2;09.02.2020 18:51:20;09.02.2020 20:42:05;6645.69845;800.119070154951;151.535786260566;24.263169590985;798.580864894736;305.449837047782;542.791552562833;114.435411867945;81.1469698807039;12.9773317082649;99.9636659486032;0.0175212969314213;57.0734006685703;0.842879905614504;1;3099;6618.797239;1.26074547559508
IFToMMDACH_Vgl_Winkel60_20200206_nachts_Wdh9;1;P6RRRRRR10V3G1P1A1;2;10.02.2020 05:50:28;10.02.2020 07:16:50;5181.363549;567.009957085356;78.9255161926764;12.4615011421925;567.381618317747;123.773674786804;526.381107580997;108.651327376107;98.835750047992;22.8786943308735;99.0036565380866;0.00063890397055496;1565.18044352016;0.697710852651806;18;3082;5154.707125;1.26074547559508
IFToMMDACH_Vgl_Winkel60_20200206_nachts_Wdh9;2;P6RRRRRR10G1P1A1;2;10.02.2020 05:50:28;10.02.2020 06:35:10;2681.93104;31753.3992813336;134.865803266804;21.5073810579431;737.498399348312;228.61743003962;721.102418082032;213.469552620294;83.772345276256;14.1128007830854;99.6532738586101;0.0018360700325341;544.641534516972;1.39902832315634;0;3100;2652.136751;1.26074547559508
IFToMMDACH_Vgl_Winkel60_20200206_nachts_Wdh9;3;P6PRRRRR6V2G8P3A1;2;10.02.2020 05:50:28;10.02.2020 07:02:34;4325.780944;555.426007521942;57.6720895647506;9.08397421527744;556.7802253856;119.642019971528;510.084708942106;103.219473814459;129.831881406885;62.5704473766771;99.482153647014;0.00122933323283312;813.449090362096;0.632217774630755;98;3002;4297.280503;1.26074547559508
IFToMMDACH_Vgl_Winkel60_20200206_nachts_Wdh9;4;P6PRRRRR6G8P3A1;2;10.02.2020 05:50:28;10.02.2020 07:14:38;5050.284716;33705.3996415504;127.835576369865;20.3546849034731;745.931202398359;237.123394536744;745.837579300381;237.02603245389;88.3029244802365;16.3143795522208;99.6813959966225;0.00199813703103795;500.466176476665;1.43977467061635;0;3100;5023.30310500001;1.26074547559508
IFToMMDACH_Vgl_Winkel75_20200206_nachts_Wdh1;1;P6RRRRRR10V3G1P1A1;2;06.02.2020 23:59:07;07.02.2020 01:23:15;5047.594013;481.045602049606;74.8269950057189;11.8082245980332;478.659884247647;93.5108953416541;569.855551138765;124.762378812132;153.796391318157;138.089079690755;99.0366289073631;0.000660774629977655;1513.37529413594;0.94618513071264;27;3073;5020.681086;1.46011074545597
IFToMMDACH_Vgl_Winkel75_20200206_nachts_Wdh1;2;P6RRRRRR10G1P1A1;2;06.02.2020 23:59:07;07.02.2020 00:33:39;2071.516132;90938.564067629;171.422389170605;27.5972013373441;826.396895543151;357.574679158257;944.138360579371;1136.71033960239;202.974457248393;736.465484523932;99.9155177289516;0.00753553841251721;132.704518941727;7.26817786443249;0;3100;2043.397862;1.46011074545597
IFToMMDACH_Vgl_Winkel75_20200206_nachts_Wdh1;3;P6PRRRRR6V2G8P3A1;2;06.02.2020 23:59:07;07.02.2020 01:31:48;5560.747162;556.37824799889;60.316646721602;9.5029686735051;556.15167973603;119.402244721392;596.686928444852;136.142585044197;124.767697655328;53.0195732053486;98.977860992168;0.000622777393893951;1605.71017799385;0.47232307586336;89;3011;5533.66425400001;1.46011074545597
IFToMMDACH_Vgl_Winkel75_20200206_nachts_Wdh1;4;P6PRRRRR6G8P3A1;2;06.02.2020 23:59:07;07.02.2020 01:38:26;5959.004194;15344.9960851108;156.305752568907;25.0580033003111;811.279612512414;327.395167053367;620.60455468013;147.446528045317;90.8807536069319;17.7193495933663;99.9099870033678;0.00707252698997795;141.392178696107;1.10478300451436;0;3100;5933.84375299999;1.46011074545597
IFToMMDACH_Vgl_Winkel75_20200206_nachts_Wdh2;1;P6RRRRRR10V3G1P1A1;2;07.02.2020 09:36:27;07.02.2020 10:59:52;5005.902724;540.312979782532;74.672316340988;11.7835896551372;538.064260363901;112.734851386716;617.049959802276;145.688737442427;119.578990642782;44.7682002235601;98.8185580241502;0.000538787938396457;1856.01779241051;0.918924862434838;19;3081;4977.53435099998;1.46011074545597
IFToMMDACH_Vgl_Winkel75_20200206_nachts_Wdh2;2;P6RRRRRR10G1P1A1;2;07.02.2020 09:36:27;07.02.2020 10:38:48;3741.025113;84334.6170090973;73.6619522676405;11.6227082870563;594.82353212339;135.310679451197;927.50208897385;874.322271753834;169.632177011012;234.85363944808;98.6192330817732;0.000460990146724258;2169.24376172871;4.56589271840683;0;3100;3709.39685399999;1.46011074545597
IFToMMDACH_Vgl_Winkel75_20200206_nachts_Wdh2;3;P6PRRRRR6V2G8P3A1;2;07.02.2020 09:36:27;07.02.2020 11:30:00;6813.485078;501.186042185282;52.7615026987494;8.30678509539983;500.860519599924;100.27070628417;334.854591921554;58.0540793538733;153.110057840506;134.967528177237;98.8274033050818;0.000542853122097194;1842.11890711196;0.339825135890048;263;2837;6784.04655700001;1.46011074545597
IFToMMDACH_Vgl_Winkel75_20200206_nachts_Wdh2;4;P6PRRRRR6G8P3A1;2;07.02.2020 09:36:27;07.02.2020 10:47:49;4282.13583;60393.6322934464;112.458819399536;17.8510593607202;733.09850263141;224.380891075573;784.009048240847;283.346713792977;140.235680003896;88.0851840415152;99.7768894823757;0.00285337138185325;350.462616384168;2.25360964818653;0;3100;4253.218124;1.46011074545597
IFToMMDACH_Vgl_Winkel75_20200206_nachts_Wdh3;1;P6RRRRRR10V3G1P1A1;2;07.02.2020 20:37:44;07.02.2020 22:11:02;5597.192316;494.067517796812;81.4155524714158;12.8589047328748;491.565047861181;97.3845818074494;648.979778758561;162.599691296891;128.770106155535;60.4321741331146;99.1883627099455;0.000784322365985926;1274.98595394887;0.995671886291902;67;3033;5570.12010099999;1.46011074545597
IFToMMDACH_Vgl_Winkel75_20200206_nachts_Wdh3;2;P6RRRRRR10G1P1A1;2;07.02.2020 20:37:44;07.02.2020 22:01:57;5052.775191;76655.2014820157;130.200829585249;20.7419057317583;665.383640752387;172.401734973022;911.67478474007;716.137226530606;99.7528854145732;23.5642613232908;99.74884015038;0.00253470636488926;394.523016098431;3.31845941040914;0;3100;5025.485294;1.46011074545597
IFToMMDACH_Vgl_Winkel75_20200206_nachts_Wdh3;3;P6PRRRRR6V2G8P3A1;2;07.02.2020 20:37:44;07.02.2020 22:40:44;7379.324998;536.060051209126;55.3922404342541;8.7230170943577;534.688647802665;111.537865581206;384.737459178644;69.0533314146514;132.456644564467;68.1937755944102;99.4472403346551;0.00115168275471578;868.294672213607;0.338642819497583;255;2845;7350.394227;1.46011074545597
IFToMMDACH_Vgl_Winkel75_20200206_nachts_Wdh3;4;P6PRRRRR6G8P3A1;2;07.02.2020 20:37:44;07.02.2020 21:48:47;4262.208326;27591.763764218;182.277000842107;29.4409507225712;813.481056426605;331.493957905709;732.714344774808;224.017230560722;117.070652968166;41.2606809850321;99.8598725411706;0.00454314057760204;220.112053087255;1.3177292916264;0;3100;4233.269792;1.46011074545597
IFToMMDACH_Vgl_Winkel75_20200206_nachts_Wdh4;1;P6RRRRRR10V3G1P1A1;2;08.02.2020 06:21:51;08.02.2020 07:35:34;4423.755715;488.444598795673;81.9990995522813;12.9520947711013;498.698442310199;99.5919373006542;496.474962301717;98.8986637178357;145.21986134369;103.858553129302;99.2472176002488;0.000845649554154977;1182.52294356054;0.651569170179778;20;3080;4392.913024;1.46011074545597
IFToMMDACH_Vgl_Winkel75_20200206_nachts_Wdh4;2;P6RRRRRR10G1P1A1;2;08.02.2020 06:21:51;08.02.2020 08:10:17;6506.067147;559.946427208624;88.369485426866;13.9708937876063;561.574759829727;121.489865993408;742.585222206115;233.685389715201;91.5627824150753;18.1111874328609;99.3978120125685;0.00105714627036594;945.942891756924;1.05782354064102;19;3081;6479.51679699999;1.46011074545597
IFToMMDACH_Vgl_Winkel75_20200206_nachts_Wdh4;3;P6PRRRRR6V2G8P3A1;2;08.02.2020 06:21:51;08.02.2020 07:46:50;5098.999701;518.758356216801;57.8921519355173;9.11882787207928;519.293131574771;106.252516460795;467.581388277014;90.3009144462693;156.496769215041;151.105596569318;98.4886590543035;0.000421149292484693;2374.45489721759;0.346117278658229;89;3011;5071.550622;1.46011074545597
IFToMMDACH_Vgl_Winkel75_20200206_nachts_Wdh4;4;P6PRRRRR6G8P3A1;2;08.02.2020 06:21:51;08.02.2020 07:43:45;4913.999593;762.364427896492;133.054697416911;21.2099149398135;762.083927103855;255.006847372118;539.750060885905;113.338002762219;99.7366227278369;23.5519249542303;99.888568833866;0.00571311549817532;175.035845209043;0.748963188519154;4;3096;4886.60024;1.46011074545597
IFToMMDACH_Vgl_Winkel75_20200206_nachts_Wdh5;1;P6RRRRRR10V3G1P1A1;2;08.02.2020 17:26:43;08.02.2020 18:51:07;5064.131528;488.015477280215;86.9061348080081;13.7366194390379;492.687987934397;97.7288495012766;658.462123114169;168.162300235164;141.55274047154;91.9988214133952;99.5980230467122;0.00158370102201815;631.432313357781;0.835654540165929;72;3028;5036.814149;1.46011074545597
IFToMMDACH_Vgl_Winkel75_20200206_nachts_Wdh5;2;P6RRRRRR10G1P1A1;2;08.02.2020 17:26:43;08.02.2020 18:51:19;5076.344929;76655.2014820157;130.200829585249;20.7419057317583;665.383640752387;172.401734973022;911.67478474007;716.137226530606;99.7528854145732;23.5642613232908;99.74884015038;0.00253470636488926;394.523016098431;3.31845941040914;0;3100;5050.253383;1.46011074545597
IFToMMDACH_Vgl_Winkel75_20200206_nachts_Wdh5;3;P6PRRRRR6V2G8P3A1;2;08.02.2020 17:26:43;08.02.2020 18:43:43;4620.291215;529.471601728402;58.1892569645632;9.16588709509;529.829696084157;109.839521759145;574.660902873235;126.7105159582;129.910745616082;62.7323153206597;98.9896106417209;0.000630020806091893;1587.24916753645;0.401159124876551;67;3033;4590.506972;1.46011074545597
IFToMMDACH_Vgl_Winkel75_20200206_nachts_Wdh5;4;P6PRRRRR6G8P3A1;2;08.02.2020 17:26:43;08.02.2020 18:46:36;4793.408467;748.020504112236;126.480669463487;20.1331345101021;745.005855991353;236.164063220854;554.916358757439;118.932642221368;120.874065389938;46.6965520881802;99.8464427898099;0.00414580687512362;241.207569508452;0.78028895805834;7;3093;4765.104283;1.46011074545597
IFToMMDACH_Vgl_Winkel75_20200206_nachts_Wdh6;1;P6RRRRRR10V3G1P1A1;2;09.02.2020 03:36:34;09.02.2020 05:12:26;5751.161958;483.330544752691;84.7314334461714;13.3887342022794;484.374008804042;95.2076178418325;506.288828500018;101.995470847048;134.252250046817;72.3353849058041;99.4793774874162;0.0012227776649828;817.810161763188;0.796969348382323;19;3081;5724.811394;1.46011074545597
IFToMMDACH_Vgl_Winkel75_20200206_nachts_Wdh6;2;P6RRRRRR10G1P1A1;2;09.02.2020 03:36:34;09.02.2020 04:14:25;2271.009254;67050.0653414928;100.25559352661;15.8796023405461;647.890731274505;161.97807387887;879.007486149921;519.814135314263;134.391641865713;72.6674413276113;99.4256780781657;0.00110844193368376;902.167239989404;2.54188542001955;0;3100;2242.943328;1.46011074545597
IFToMMDACH_Vgl_Winkel75_20200206_nachts_Wdh6;3;P6PRRRRR6V2G8P3A1;2;09.02.2020 03:36:34;09.02.2020 05:26:14;6579.374937;495.357695590822;49.9428624365514;7.86114000705549;495.590881671424;98.6243402110205;588.234491543106;132.421053680054;131.203600589572;65.4476269839303;98.4024138505922;0.000398404887176531;2510.00937033412;0.849891395119138;248;2852;6550.42708999999;1.46011074545597
IFToMMDACH_Vgl_Winkel75_20200206_nachts_Wdh6;4;P6PRRRRR6G8P3A1;2;09.02.2020 03:36:34;09.02.2020 05:00:40;5045.528063;31375.7911171099;122.787503264269;19.5301959554663;789.935531798736;291.979612021125;662.862069647603;170.839045002652;128.103751474813;59.1284242514722;99.7735488768967;0.002811278118742;355.710092620607;1.39204246111502;0;3100;5017.78101;1.46011074545597
IFToMMDACH_Vgl_Winkel75_20200206_nachts_Wdh7;1;P6RRRRRR10V3G1P1A1;2;09.02.2020 14:38:46;09.02.2020 16:12:02;5596.164226;456.198025369919;78.4633391460436;12.3877818213298;455.318075857111;86.8632032521143;657.449851651121;167.555266108004;136.210205861121;77.1449171318235;99.0069376069748;0.000641015247488674;1560.02529412168;0.863179075790137;97;3003;5567.905659;1.46011074545597
IFToMMDACH_Vgl_Winkel75_20200206_nachts_Wdh7;2;P6RRRRRR10G1P1A1;2;09.02.2020 14:38:46;09.02.2020 16:08:54;5408.100585;76655.2014820157;130.200829585249;20.7419057317583;665.383640752387;172.401734973022;911.67478474007;716.137226530606;99.7528854145732;23.5642613232908;99.74884015038;0.00253470636488926;394.523016098431;3.31845941040914;0;3100;5379.47931300001;1.46011074545597
IFToMMDACH_Vgl_Winkel75_20200206_nachts_Wdh7;3;P6PRRRRR6V2G8P3A1;2;09.02.2020 14:38:46;09.02.2020 16:03:46;5099.213424;504.414286070932;50.0907287176549;7.88451075107343;502.526440245647;100.796871196623;529.323531908138;109.664242433056;158.800060698775;163.19800980602;98.756383892292;0.000511845084322306;1953.71613527171;0.305629326725727;132;2968;5068.06166900001;1.46011074545597
IFToMMDACH_Vgl_Winkel75_20200206_nachts_Wdh7;4;P6PRRRRR6G8P3A1;2;09.02.2020 14:38:46;09.02.2020 16:33:55;6908.697563;92289.5314723619;237.355932600623;39.1131511489643;879.64405515941;522.630619489472;938.235949408384;1027.49267288858;157.22013313877;154.801168345142;99.8779207870733;0.00521480255948773;191.761814295465;8.37998166730917;0;3100;6882.61933099999;1.46011074545597
IFToMMDACH_Vgl_Winkel75_20200206_nachts_Wdh8;1;P6RRRRRR10V3G1P1A1;2;10.02.2020 01:15:12;10.02.2020 03:25:59;7847.525599;584.814669539585;89.3241126943682;14.1238052982279;583.227561742285;130.277714313373;638.493200149191;156.753469271017;99.1485487479648;23.1102085529588;99.3284748030882;0.000947985516608934;1054.86843678491;0.928792099396907;47;3053;7821.20925699998;1.46011074545597
IFToMMDACH_Vgl_Winkel75_20200206_nachts_Wdh8;2;P6RRRRRR10G1P1A1;2;10.02.2020 01:15:12;10.02.2020 03:03:34;6502.321254;36982.6083061395;97.5263889407098;15.4403859609982;569.769569499294;124.727855751871;808.993059687245;323.235031384374;128.947097053858;60.7833654821392;99.7185444366204;0.00226186903862682;442.112245635185;1.50909834714239;0;3100;6474.43482200001;1.46011074545597
IFToMMDACH_Vgl_Winkel75_20200206_nachts_Wdh8;3;P6PRRRRR6V2G8P3A1;2;10.02.2020 01:15:12;10.02.2020 03:23:00;7668.83046;535.11894013859;56.099168001104;8.83491684653199;534.134797993402;111.342824053491;461.734629781278;88.6472830934227;156.777786585084;152.530430455974;99.1947143244567;0.000790509302154976;1265.00725200063;0.488552782919318;211;2889;7639.60728100001;1.46011074545597
IFToMMDACH_Vgl_Winkel75_20200206_nachts_Wdh8;4;P6PRRRRR6G8P3A1;2;10.02.2020 01:15:12;10.02.2020 02:24:12;4140.320529;39141.6186893115;146.844397328531;23.484243883622;788.340080498705;289.609807447828;680.169965531652;182.014415799818;132.463791682397;68.2097717398445;99.8446162266386;0.00409707200701928;244.076745121091;1.55594620741983;0;3100;4109.31956400001;1.46011074545597
IFToMMDACH_Vgl_Winkel90_20200206_nachts_Wdh1;1;P6RRRRRR10V3G1P1A1;2;07.02.2020 01:49:46;07.02.2020 03:21:19;5492.510899;11772.2866669949;107.264443749138;17.0103341486027;588.407619499962;132.495962660909;669.481044739477;174.987063034546;152.365060589959;131.660782645089;99.7555163795804;0.00260392349231702;384.035860865552;1.03260154315886;0;3100;5466.496142;1.56228277379267
IFToMMDACH_Vgl_Winkel90_20200206_nachts_Wdh1;2;P6RRRRRR10G1P1A1;2;07.02.2020 01:49:46;07.02.2020 02:35:33;2746.144918;306031.297782157;227.414837046397;37.3235016952093;863.805050953192;460.27972818182;998.685994943397;48448.7380864931;228.92367017395;1842.26830656346;99.850196607364;0.00424969412343739;235.311053208494;577.045865850324;0;3100;2721.653467;1.56228277379267
IFToMMDACH_Vgl_Winkel90_20200206_nachts_Wdh1;3;P6PRRRRR6V2G8P3A1;2;07.02.2020 01:49:46;07.02.2020 03:26:34;5807.308803;551.275597595979;59.0900273403677;9.30858710625872;550.585098698981;117.303092886439;315.376952382036;54.0335468970831;173.767673664432;270.105348346981;99.0072150980022;0.000641194445251854;1559.58930618498;0.475174634494053;140;2960;5780.63118299999;1.56228277379267
IFToMMDACH_Vgl_Winkel90_20200206_nachts_Wdh1;4;P6PRRRRR6G8P3A1;2;07.02.2020 01:49:46;07.02.2020 03:01:43;4316.194115;93129.1959947385;184.921729275495;29.8929475855117;848.576083836902;412.463604551926;987.00342048141;4897.68348176081;203.757220857391;756.83419417692;99.6475915415963;0.00180646421647936;553.567566341787;48.3042229011053;0;3100;4289.056685;1.56228277379267
IFToMMDACH_Vgl_Winkel90_20200206_nachts_Wdh2;1;P6RRRRRR10V3G1P1A1;2;07.02.2020 11:40:49;07.02.2020 13:55:28;8078.815231;488.179754274155;68.8188656760192;10.8523475406041;485.671467580537;95.5969163706351;438.508471781304;82.3333263295979;133.668658004897;70.9618888317898;98.9116275390672;0.000584871237442818;1709.77804340698;0.41794777600016;111;2989;8050.59455899998;1.56228277379267
IFToMMDACH_Vgl_Winkel90_20200206_nachts_Wdh2;2;P6RRRRRR10G1P1A1;2;07.02.2020 11:40:49;07.02.2020 12:38:06;3436.825059;97514.0452143678;113.762114351838;18.0623816246859;676.671771133194;179.667929821652;987.291158355909;5008.6012484115;211.514854816668;993.012429672667;99.8136974729111;0.00341711926818455;292.644160626937;28.2557219029451;0;3100;3404.330463;1.56228277379267
IFToMMDACH_Vgl_Winkel90_20200206_nachts_Wdh2;3;P6PRRRRR6V2G8P3A1;2;07.02.2020 11:40:49;07.02.2020 13:04:33;5024.629626;531.057180647266;66.1172987663609;10.423183622691;532.998652088785;110.943903398176;787.808663504565;288.828087206568;178.508142501482;317.26823837553;99.1545433639844;0.000752944998158811;1328.11825889715;0.860544828384083;21;3079;4996.485589;1.56228277379267
IFToMMDACH_Vgl_Winkel90_20200206_nachts_Wdh2;4;P6PRRRRR6G8P3A1;2;07.02.2020 11:40:49;07.02.2020 13:07:42;5212.997743;80153.6830148475;224.294997027131;36.7661853235595;872.531714340434;492.74172400854;827.630010208823;360.26360920205;126.046384811022;55.2811712357006;99.8475587652436;0.00417615717052182;239.454589271373;3.77173427881353;0;3100;5185.423712;1.56228277379267
IFToMMDACH_Vgl_Winkel90_20200206_nachts_Wdh3;1;P6RRRRRR10V3G1P1A1;2;07.02.2020 22:52:19;08.02.2020 00:17:16;5097.460415;492.085943115523;72.6637642516843;11.4638240025919;478.625186999397;93.5006797925603;630.50815408276;152.500582999055;147.987555508268;113.836002139331;98.3721884085321;0.000391004111282272;2557.51786527402;0.904720341150547;93;3007;5068.863218;1.56228277379267
IFToMMDACH_Vgl_Winkel90_20200206_nachts_Wdh3;2;P6RRRRRR10G1P1A1;2;07.02.2020 22:52:19;08.02.2020 00:23:07;5448.378679;619.334568276609;91.1687918877792;14.419468874553;618.808368180671;146.554696244185;581.71703008896;129.639703811848;145.943299935786;106.376917718735;99.3841623508538;0.0010337138616453;967.385692601978;0.850813884088796;4;3096;5422.269713;1.56228277379267
IFToMMDACH_Vgl_Winkel90_20200206_nachts_Wdh3;3;P6PRRRRR6V2G8P3A1;2;07.02.2020 22:52:19;08.02.2020 00:21:31;5352.536858;530.7511733896;59.3583728865094;9.35110563982137;532.700361107267;110.839430012881;810.915397539324;326.725981328811;173.482672609851;267.51029102643;97.8568887577761;0.000296941781008117;3367.6635083315;0.560170882715977;81;3019;5324.72876899999;1.56228277379267
IFToMMDACH_Vgl_Winkel90_20200206_nachts_Wdh3;4;P6PRRRRR6G8P3A1;2;07.02.2020 22:52:19;08.02.2020 00:07:38;4519.251763;93129.1959947385;184.921729275495;29.8929475855117;848.576083836902;412.463604551926;987.00342048141;4897.68348176081;203.757220857391;756.83419417692;99.6475915415963;0.00180646421647936;553.567566341787;48.3042229011053;0;3100;4489.981801;1.56228277379267
IFToMMDACH_Vgl_Winkel90_20200206_nachts_Wdh4;1;P6RRRRRR10V3G1P1A1;2;08.02.2020 08:21:52;08.02.2020 10:31:45;7793.319169;495.42534837737;89.6830881488141;14.1813224506363;497.568706789234;99.2390889814047;614.188079767759;144.294154063946;145.211542729865;103.829952272476;99.5071855281986;0.00129177833100211;774.126625288905;0.760354374929737;9;3091;7766.60599299999;1.56228277379267
IFToMMDACH_Vgl_Winkel90_20200206_nachts_Wdh4;2;P6RRRRRR10G1P1A1;2;08.02.2020 08:21:52;08.02.2020 09:07:16;2724.333632;89487.466420219;184.217029610285;29.7724019765515;806.285081122464;318.431395769142;951.538726680965;1311.12862795375;170.957884083983;245.608589328293;99.8824130876305;0.00541402980634159;184.705300075865;6.3915351251228;0;3100;2695.503625;1.56228277379267
IFToMMDACH_Vgl_Winkel90_20200206_nachts_Wdh4;3;P6PRRRRR6V2G8P3A1;2;08.02.2020 08:21:52;08.02.2020 10:11:22;6570.118124;628.612190811645;79.0313570146568;12.4783851043589;627.631871298729;151.008311175829;479.173509356482;93.6622385481577;172.741808309983;260.883395926024;99.7745121527336;0.00282328789713994;354.196963410293;0.412487777332623;46;3054;6542.84177099997;1.56228277379267
IFToMMDACH_Vgl_Winkel90_20200206_nachts_Wdh4;4;P6PRRRRR6G8P3A1;2;08.02.2020 08:21:52;08.02.2020 09:27:26;3934.493618;65793.0252467734;154.26759294837;24.7180189805865;805.712175941531;317.431765142554;860.146218406926;447.857436150758;139.533459836202;86.0684638577273;99.7812087280083;0.0029097013794148;343.677879480925;2.44221685778905;0;3100;3906.735261;1.56228277379267
IFToMMDACH_Vgl_Winkel90_20200206_nachts_Wdh5;1;P6RRRRRR10V3G1P1A1;2;08.02.2020 19:03:10;08.02.2020 20:23:07;4797.262693;23793.2194106226;83.7831496364798;13.2371380911775;524.647852688529;108.059413012385;599.074701377547;137.21833950738;197.124995885236;601.053053767491;99.3847911777098;0.00103477052329756;966.397841342877;1.2458879655942;0;3100;4767.79206000001;1.56228277379267
IFToMMDACH_Vgl_Winkel90_20200206_nachts_Wdh5;2;P6RRRRRR10G1P1A1;2;08.02.2020 19:03:10;08.02.2020 20:34:44;5494.58787;619.334568276609;91.1687918877792;14.419468874553;618.808368180671;146.554696244185;581.71703008896;129.639703811848;145.943299935786;106.376917718735;99.3841623508538;0.0010337138616453;967.385692601978;0.850813884088796;4;3096;5466.92696;1.56228277379267
IFToMMDACH_Vgl_Winkel90_20200206_nachts_Wdh5;3;P6PRRRRR6V2G8P3A1;2;08.02.2020 19:03:10;08.02.2020 20:46:23;6192.930745;539.425385684854;56.5738384403516;8.91006486097913;538.830473797736;113.008542270794;648.407016105589;162.272333857791;171.080724753813;246.630382292691;99.2981703946585;0.00090704919923766;1102.47602979029;0.62185163776873;161;2939;6165.45650399999;1.56228277379267
IFToMMDACH_Vgl_Winkel90_20200206_nachts_Wdh5;4;P6PRRRRR6G8P3A1;2;08.02.2020 19:03:10;08.02.2020 20:39:57;5807.047283;30529.0656256143;98.3133053835535;15.5669656257382;718.935109450654;211.591394823777;799.448115986746;306.862942437308;179.950060671381;333.23097214978;98.5937935914494;0.000452647796116785;2209.22317214154;1.37446299694193;0;3100;5780.37850900001;1.56228277379267
IFToMMDACH_Vgl_Winkel90_20200206_nachts_Wdh6;1;P6RRRRRR10V3G1P1A1;2;09.02.2020 05:37:53;09.02.2020 07:29:02;6668.927203;482.030382197896;86.8894024962342;13.733941548585;506.513400409102;102.067469978979;304.838803569742;51.9136916802265;206.488329141757;832.56145343834;99.5893506262249;0.00155025426409947;645.055474548808;0.422393928530302;81;3019;6641.45339499999;1.56228277379267
IFToMMDACH_Vgl_Winkel90_20200206_nachts_Wdh6;2;P6RRRRRR10G1P1A1;2;09.02.2020 05:37:53;09.02.2020 06:47:03;4150.818626;70016.7980490132;119.712928383226;19.0292902208026;628.814638614307;151.619478550267;844.656254774339;401.647334912005;143.785127106753;99.0427877229505;99.7986199363497;0.00316127444508525;316.328119361695;2.32755330459577;0;3100;4122.409136;1.56228277379267
IFToMMDACH_Vgl_Winkel90_20200206_nachts_Wdh6;3;P6PRRRRR6V2G8P3A1;2;09.02.2020 05:37:53;09.02.2020 07:54:41;8208.442593;535.01978171493;61.8427217972584;9.74490434537809;535.206189761471;111.720463500888;532.107461319873;110.632094714489;152.513332279506;132.312230197448;98.9930730995825;0.000632187583274429;1581.80898590333;0.525991221473643;148;2952;8180.44043400003;1.56228277379267
IFToMMDACH_Vgl_Winkel90_20200206_nachts_Wdh6;4;P6PRRRRR6G8P3A1;2;09.02.2020 05:37:53;09.02.2020 07:02:11;5058.479586;80153.6830148475;224.294997027131;36.7661853235595;872.531714340434;492.74172400854;827.630010208823;360.26360920205;126.046384811022;55.2811712357006;99.8475587652436;0.00417615717052182;239.454589271373;3.77173427881353;0;3100;5031.05708100002;1.56228277379267
IFToMMDACH_Vgl_Winkel90_20200206_nachts_Wdh7;1;P6RRRRRR10V3G1P1A1;2;09.02.2020 16:45:27;09.02.2020 18:33:53;6505.25243;12517.5621565172;74.7538363959767;11.7965727946005;526.373843677829;108.648839419281;709.838686907075;203.994544921859;157.478361217036;156.142722724146;98.0438731258453;0.000325346692300657;3073.64428059373;1.04398652681878;0;3100;6478.06294199999;1.56228277379267
IFToMMDACH_Vgl_Winkel90_20200206_nachts_Wdh7;2;P6RRRRRR10G1P1A1;2;09.02.2020 16:45:27;09.02.2020 18:20:34;5706.774484;619.334568276609;91.1687918877792;14.419468874553;618.808368180671;146.554696244185;581.71703008896;129.639703811848;145.943299935786;106.376917718735;99.3841623508538;0.0010337138616453;967.385692601978;0.850813884088796;4;3096;5679.62427599999;1.56228277379267
IFToMMDACH_Vgl_Winkel90_20200206_nachts_Wdh7;3;P6PRRRRR6V2G8P3A1;2;09.02.2020 16:45:27;09.02.2020 18:39:51;6863.407434;548.963147641495;64.4192493580852;10.1536311290306;549.505274212197;116.900879112891;316.756030915117;54.3137468621982;201.244566262906;693.428732953252;99.2164366481239;0.000812426491163475;1230.88059150792;0.417354840314568;90;3010;6835.95840699998;1.56228277379267
IFToMMDACH_Vgl_Winkel90_20200206_nachts_Wdh7;4;P6PRRRRR6G8P3A1;2;09.02.2020 16:45:27;09.02.2020 18:02:58;4651.070982;87565.4338829325;197.62389986251;32.0798269146832;857.446961465209;439.095368856564;913.895456218076;734.842837191375;127.200810260278;57.4073996500126;99.7417062512098;0.00246469874753745;405.729098129793;5.57671236185914;0;3100;4620.59799899999;1.56228277379267
IFToMMDACH_Vgl_Winkel90_20200206_nachts_Wdh8;1;P6RRRRRR10V3G1P1A1;2;10.02.2020 03:37:29;10.02.2020 05:38:49;7280.700319;536.492343179554;92.8493505130128;14.6890423773089;536.114704707576;112.041807186275;454.659054592069;86.6817403548694;179.787039163618;331.38563965219;99.6725177533039;0.00194396540107145;514.412447592346;0.98431742416013;44;3056;7254.032712;1.56228277379267
IFToMMDACH_Vgl_Winkel90_20200206_nachts_Wdh8;2;P6RRRRRR10G1P1A1;2;10.02.2020 03:37:29;10.02.2020 04:34:38;3429.784749;97514.0452143678;113.762114351838;18.0623816246859;676.671771133194;179.667929821652;987.291158355909;5008.6012484115;211.514854816668;993.012429672667;99.8136974729111;0.00341711926818455;292.644160626937;28.2557219029451;0;3100;3399.376842;1.56228277379267
IFToMMDACH_Vgl_Winkel90_20200206_nachts_Wdh8;3;P6PRRRRR6V2G8P3A1;2;10.02.2020 03:37:29;10.02.2020 04:56:59;4770.774053;551.184200248094;60.7678692118781;9.57449143848937;548.35763901727;116.47515188945;356.962724504101;62.7947050756796;201.296110135259;694.672876468654;99.0891068757452;0.000698848537174766;1430.92522457398;0.459459611240048;64;3036;4742.630392;1.56228277379267
IFToMMDACH_Vgl_Winkel90_20200206_nachts_Wdh8;4;P6PRRRRR6G8P3A1;2;10.02.2020 03:37:29;10.02.2020 05:07:40;5411.247615;45253.3120573493;120.395636284892;19.1404357426484;765.09060260624;258.593573102115;978.749486133755;2994.6725514494;209.076056111643;911.523616285671;99.7521724849472;0.00256878884640734;389.288516803778;18.0841471767903;0;3100;5383.942092;1.56228277379267
